id,name,email
1,Rahul Sharma,rahul.sharma@example.com
2,Priya Singh,priya.singh@example.com
3,Aman Verma,aman.verma@example.com
4,Neha Gupta,neha.gupta@example.com
5,Arjun Mehta,arjun.mehta@example.com
6,Riya Kapoor,riya.kapoor@example.com
7,Karan Malhotra,karan.malhotra@example.com
8,Ananya Joshi,ananya.joshi@example.com
9,Rohit Kumar,rohit.kumar@example.com
10,Simran Kaur,simran.kaur@example.com
11,Aditya Agarwal,aditya.agarwal@example.com
12,Muskan Sharma,muskan.sharma@example.com
13,Harsh Yadav,harsh.yadav@example.com
14,Sneha Patel,sneha.patel@example.com
15,Vivek Singh,vivek.singh@example.com
16,Ishita Verma,ishita.verma@example.com
17,Akash Gupta,akash.gupta@example.com
18,Pooja Mehra,pooja.mehra@example.com
19,Nikhil Jain,nikhil.jain@example.com
20,Tanya Arora,tanya.arora@example.com